study	individual	group	count	intervention	measurement_type	substance	tissue	method	label	time	time_unit	value	mean	mean_pm	mean_sd	mean_se	comments	mean_unit	value_unit
Giudicelli1987		HCTZ_mono	10.0	HCTZ25	concentration	hydrochlorothiazide	plasma	HPLC	hctz25_acute	0.5	hr		6.502887663921096e-05	10.1965241622057	9.732817619151429e-05	3.077787172753578e-05		mole/meter^3	ng/ml
Giudicelli1987		HCTZ_mono	10.0	HCTZ25	concentration	hydrochlorothiazide	plasma	HPLC	hctz25_acute	1.0	hr		0.00022330275801998794	50.4876439099508	0.00016984720943225094	5.371040360295466e-05		mole/meter^3	ng/ml
Giudicelli1987		HCTZ_mono	10.0	HCTZ25	concentration	hydrochlorothiazide	plasma	HPLC	hctz25_acute	1.5	hr		0.0003099093982713007	78.6866612891398	0.00014418123579871314	4.5594110098174004e-05		mole/meter^3	ng/ml
Giudicelli1987		HCTZ_mono	10.0	HCTZ25	concentration	hydrochlorothiazide	plasma	HPLC	hctz25_acute	2.0	hr		0.0003753323893143836	95.9265234289066	0.00016793881382064463	5.310691592202016e-05		mole/meter^3	ng/ml
Giudicelli1987		HCTZ_mono	10.0	HCTZ25	concentration	hydrochlorothiazide	plasma	HPLC	hctz25_acute	3.0	hr		0.0004384522743098321	115.043631297206	0.0001644725442404021	5.201078523624791e-05		mole/meter^3	ng/ml
Giudicelli1987		HCTZ_mono	10.0	HCTZ25	concentration	hydrochlorothiazide	plasma	HPLC	hctz25_acute	6.0	hr		0.0003075200796978146	74.2905331084549	0.00018332281926108736	5.797176559484213e-05		mole/meter^3	ng/ml
Giudicelli1987		HCTZ_mono	10.0	HCTZ25	concentration	hydrochlorothiazide	plasma	HPLC	hctz25_acute	9.0	hr		0.0001805536612747793	41.1857446652489	0.0001334708522642338	4.220718943988209e-05		mole/meter^3	ng/ml
Giudicelli1987		HCTZ_mono	10.0	HCTZ25	concentration	hydrochlorothiazide	plasma	HPLC	hctz25_acute	12.0	hr		0.0001472140459220625	31.564860306519	0.00013023826377928116	4.118495520483373e-05		mole/meter^3	ng/ml
Giudicelli1987		HCTZ_mono	10.0	HCTZ25	concentration	hydrochlorothiazide	plasma	HPLC	hctz25_acute	24.0	hr		6.023792341711758e-05	9.69788076556427	8.747462333979174e-05	2.766190472190672e-05		mole/meter^3	ng/ml
