study	individual	group	count	intervention	measurement_type	substance	tissue	method	label	time	time_unit	value	mean	mean_pm	mean_sd	mean_se	comments	mean_unit	value_unit
Giudicelli1987		HCTZ_mono	10.0	HCTZ25_MULTI	concentration	hydrochlorothiazide	plasma	HPLC	hctz25_chronic	0.5	hr		0.0001947048315888801	82.4484857373322	0.0002600870590663994	8.224674965845684e-05		mole/meter^3	ng/ml
Giudicelli1987		HCTZ_mono	10.0	HCTZ25_MULTI	concentration	hydrochlorothiazide	plasma	HPLC	hctz25_chronic	1.0	hr		0.0002907332693078062	113.951015619271	0.00029104980419335073	9.203802937970138e-05		mole/meter^3	ng/ml
Giudicelli1987		HCTZ_mono	10.0	HCTZ25_MULTI	concentration	hydrochlorothiazide	plasma	HPLC	hctz25_chronic	1.5	hr		0.0004687251869574035	174.154872772603	0.0003676972034510078	0.00011627606521795098		mole/meter^3	ng/ml
Giudicelli1987		HCTZ_mono	10.0	HCTZ25_MULTI	concentration	hydrochlorothiazide	plasma	HPLC	hctz25_chronic	2.0	hr		0.000550343816784686	132.103835154359	0.00033708497996701045	0.00010659563017279812		mole/meter^3	ng/ml
Giudicelli1987		HCTZ_mono	10.0	HCTZ25_MULTI	concentration	hydrochlorothiazide	plasma	HPLC	hctz25_chronic	3.0	hr		0.0006039680078617939	140.588105888391	0.0004165365523682533	0.00013172042341976826		mole/meter^3	ng/ml
Giudicelli1987		HCTZ_mono	10.0	HCTZ25_MULTI	concentration	hydrochlorothiazide	plasma	HPLC	hctz25_chronic	6.0	hr		0.0004143989795983944	163.40104128474	0.00042526064659270077	0.00013447922424688613		mole/meter^3	ng/ml
Giudicelli1987		HCTZ_mono	10.0	HCTZ25_MULTI	concentration	hydrochlorothiazide	plasma	HPLC	hctz25_chronic	9.0	hr		0.00029394776491440343	125.628803989147	0.0004049303913017871	0.00012805023303368861		mole/meter^3	ng/ml
Giudicelli1987		HCTZ_mono	10.0	HCTZ25_MULTI	concentration	hydrochlorothiazide	plasma	HPLC	hctz25_chronic	12.0	hr		0.00024368586234534668	105.397081469531	0.0003489637689779745	0.00011035203308472054		mole/meter^3	ng/ml
Giudicelli1987		HCTZ_mono	10.0	HCTZ25_MULTI	concentration	hydrochlorothiazide	plasma	HPLC	hctz25_chronic	24.0	hr		0.00014080968685910986	71.9036444965901	0.0003185073328908371	0.00010072086234005074		mole/meter^3	ng/ml
