study	individual	group	count	intervention	measurement_type	substance	tissue	method	label	time	time_unit	value	mean	mean_pm	mean_sd	mean_se	comments	mean_unit	value_unit
Barbhaiya1982		all	8.0	fasting, HCTZ50, H2O20	concentration	hydrochlorothiazide	plasma	HPLC	hctz50_fast20	0.5	hr		8.923573050206987e-05					mole/meter^3	ng/ml
Barbhaiya1982		all	8.0	fasting, HCTZ50, H2O20	concentration	hydrochlorothiazide	plasma	HPLC	hctz50_fast20	1.0	hr		0.0003744273526953712	43.6715404368518	0.0002277308782685932	8.05150241546453e-05		mole/meter^3	ng/ml
Barbhaiya1982		all	8.0	fasting, HCTZ50, H2O20	concentration	hydrochlorothiazide	plasma	HPLC	hctz50_fast20	1.5	hr		0.000666788214002573	101.149276140773	0.00032701906337854553	0.00011561869864612159		mole/meter^3	ng/ml
Barbhaiya1982		all	8.0	fasting, HCTZ50, H2O20	concentration	hydrochlorothiazide	plasma	HPLC	hctz50_fast20	2.0	hr		0.000847629917649869	160.677599565107	0.00030789998965152505	0.00010885908530493047		mole/meter^3	ng/ml
Barbhaiya1982		all	8.0	fasting, HCTZ50, H2O20	concentration	hydrochlorothiazide	plasma	HPLC	hctz50_fast20	4.0	hr		0.0007959961948467585	166.281400030987	0.00023744261731573063	8.394864242331778e-05		mole/meter^3	ng/ml
Barbhaiya1982		all	8.0	fasting, HCTZ50, H2O20	concentration	hydrochlorothiazide	plasma	HPLC	hctz50_fast20	6.0	hr		0.0004547103221276486	100.0	0.00011880168927578435	4.2002740051662084e-05		mole/meter^3	ng/ml
Barbhaiya1982		all	8.0	fasting, HCTZ50, H2O20	concentration	hydrochlorothiazide	plasma	HPLC	hctz50_fast20	8.0	hr		0.00030135247548597146	70.5724566668373	6.429350112642393e-05	2.273118531635963e-05		mole/meter^3	ng/ml
Barbhaiya1982		all	8.0	fasting, HCTZ50, H2O20	concentration	hydrochlorothiazide	plasma	HPLC	hctz50_fast20	12.0	hr		0.00017116587917211757	39.8562356453575	3.7285342909579786e-05	1.3182359405114814e-05		mole/meter^3	ng/ml
Barbhaiya1982		all	8.0	fasting, HCTZ50, H2O20	concentration	hydrochlorothiazide	plasma	HPLC	hctz50_fast20	24.0	hr		6.861117590489351e-05	16.0677599565107	1.4638183105059123e-05	5.175379268918845e-06		mole/meter^3	ng/ml
