study	individual	group	count	intervention	measurement_type	substance	tissue	method	label	time	time_unit	value	mean	mean_pm	mean_sd	mean_se	comments	mean_unit	value_unit
Barbhaiya1982		all	8.0	fasting, HCTZ50, H2O250	concentration	hydrochlorothiazide	plasma	HPLC	hctz50_fast250	0.5	hr		8.303400602493618e-05	17.9362373905283	2.2784636221347667e-05	8.055585389491772e-06		mole/meter^3	ng/ml
Barbhaiya1982		all	8.0	fasting, HCTZ50, H2O250	concentration	hydrochlorothiazide	plasma	HPLC	hctz50_fast250	1.0	hr		0.0003536789601682634	49.4344664047619	0.0001876243199104135	6.633521446208364e-05		mole/meter^3	ng/ml
Barbhaiya1982		all	8.0	fasting, HCTZ50, H2O250	concentration	hydrochlorothiazide	plasma	HPLC	hctz50_fast250	1.5	hr		0.0007195598730487203	111.49712821642	0.00034503139398785356	0.00012198701920552939		mole/meter^3	ng/ml
Barbhaiya1982		all	8.0	fasting, HCTZ50, H2O250	concentration	hydrochlorothiazide	plasma	HPLC	hctz50_fast250	2.0	hr		0.0009258053216085322	139.405082239931	0.00045753161573036286	0.0001617618540450887		mole/meter^3	ng/ml
Barbhaiya1982		all	8.0	fasting, HCTZ50, H2O250	concentration	hydrochlorothiazide	plasma	HPLC	hctz50_fast250	4.0	hr		0.000740465361723114	138.608876956442	0.0002748661781274068	9.717986923635943e-05		mole/meter^3	ng/ml
Barbhaiya1982		all	8.0	fasting, HCTZ50, H2O250	concentration	hydrochlorothiazide	plasma	HPLC	hctz50_fast250	6.0	hr		0.0004524539657872523	89.6884086609802	0.00015118285842756065	5.345121219664696e-05		mole/meter^3	ng/ml
Barbhaiya1982		all	8.0	fasting, HCTZ50, H2O250	concentration	hydrochlorothiazide	plasma	HPLC	hctz50_fast250	8.0	hr		0.0002910932337026712	56.3954129513564	0.00010165617306660666	3.594088466243534e-05		mole/meter^3	ng/ml
Barbhaiya1982		all	8.0	fasting, HCTZ50, H2O250	concentration	hydrochlorothiazide	plasma	HPLC	hctz50_fast250	12.0	hr		0.00018514615515761003	34.6578003047707	6.87276119773255e-05	2.429888024196231e-05		mole/meter^3	ng/ml
Barbhaiya1982		all	8.0	fasting, HCTZ50, H2O250	concentration	hydrochlorothiazide	plasma	HPLC	hctz50_fast250	24.0	hr		7.489966440748976e-05	12.8662722350812	3.16807452436295e-05	1.1200834897406955e-05		mole/meter^3	ng/ml
